{"stats":{"minecraft:mined":{"minecraft:oak_log":1,"minecraft:dead_bush":1,"minecraft:oak_leaves":2},"minecraft:killed":{"minecraft:zombie":1},"minecraft:custom":{"minecraft:time_since_rest":10259,"minecraft:crouch_one_cm":160,"minecraft:sprint_one_cm":26667,"minecraft:play_time":10259,"minecraft:damage_taken":150,"minecraft:walk_one_cm":5232,"minecraft:sneak_time":164,"minecraft:walk_under_water_one_cm":790,"minecraft:mob_kills":1,"minecraft:jump":332,"minecraft:damage_dealt":1116,"minecraft:leave_game":3,"minecraft:walk_on_water_one_cm":879,"minecraft:time_since_death":10259,"minecraft:total_world_time":10259,"minecraft:swim_one_cm":5332,"minecraft:fall_one_cm":9090,"minecraft:fly_one_cm":136182},"minecraft:picked_up":{"minecraft:oak_log":1,"minecraft:iron_sword":1},"minecraft:crafted":{"minecraft:oak_planks":4},"minecraft:used":{"minecraft:cooked_mutton":4,"minecraft:diamond_sword":43,"minecraft:oak_planks":4}},"DataVersion":3465}