{"stats":{"minecraft:custom":{"minecraft:jump":98,"minecraft:time_since_rest":3203,"minecraft:leave_game":1,"minecraft:damage_taken":20,"minecraft:crouch_one_cm":118,"minecraft:sprint_one_cm":8210,"minecraft:play_time":3203,"minecraft:time_since_death":3203,"minecraft:walk_one_cm":1901,"minecraft:sneak_time":53,"minecraft:total_world_time":3203,"minecraft:fall_one_cm":1945,"minecraft:fly_one_cm":14915},"minecraft:used":{"minecraft:oak_planks":4},"minecraft:crafted":{"minecraft:oak_planks":4},"minecraft:picked_up":{"minecraft:oak_log":1},"minecraft:mined":{"minecraft:oak_log":1,"minecraft:oak_leaves":2}},"DataVersion":3465}