{"stats":{"minecraft:mined":{"minecraft:grass":2,"minecraft:dark_oak_leaves":6,"minecraft:kelp_plant":1,"minecraft:birch_leaves":1,"minecraft:oak_leaves":2},"minecraft:custom":{"minecraft:time_since_rest":14857,"minecraft:open_chest":2,"minecraft:sprint_one_cm":34176,"minecraft:play_time":14857,"minecraft:damage_taken":141,"minecraft:walk_one_cm":2311,"minecraft:sneak_time":6,"minecraft:walk_under_water_one_cm":2036,"minecraft:damage_dealt_resisted":0,"minecraft:jump":318,"minecraft:damage_dealt":18,"minecraft:leave_game":2,"minecraft:walk_on_water_one_cm":998,"minecraft:time_since_death":14857,"minecraft:total_world_time":14857,"minecraft:swim_one_cm":8766,"minecraft:fall_one_cm":12454,"minecraft:fly_one_cm":77410},"minecraft:used":{"farmersdelight:onion":4,"minecraft:leather_helmet":1},"minecraft:picked_up":{"minecraft:kelp":2,"simplehats:cowboy":1}},"DataVersion":3465}